ddpg/stats_g/mean,ddpg/stats_g/std,ddpg/stats_o/mean,ddpg/stats_o/std,epoch,test/episode,test/mean_Q,test/success_rate,test/sum_rewards,test/timesteps,time_eval,time_rollout,time_train,time_ve,timesteps,train/actor_loss,train/critic_loss,train/episode,train/success_rate,train/sum_rewards,train/timesteps,ve/loss,ve/stats_disag/mean,ve/stats_disag/std,ve/stats_g/mean,ve/stats_g/std,ve/stats_o/mean,ve/stats_o/std
-0.115259804,0.38933522,-0.13199598,0.32767197,0,10.0,-3.1775286,0.0,-49.0,500.0,0.2916982173919678,5.082837343215942,24.539983987808228,287.2783091068268,2500,-0.78873456,0.03388848,50.0,0.1,-45.98,2500.0,0.004844221,0.05939431,0.04958776,-0.033569906,0.47897553,-0.13019177,0.3254484
-0.123279214,0.36834705,-0.14749017,0.27724713,1,20.0,-4.8432984,0.1,-44.2,1000.0,0.25160908699035645,5.144577503204346,24.121111392974854,284.46288990974426,5000,-1.0777631,0.02318342,100.0,0.24,-36.34,5000.0,0.001572154,0.084519595,0.06837022,-0.017359808,0.49744254,-0.14598443,0.27633682
-0.12738436,0.41004962,-0.14624913,0.34958056,2,30.0,-4.4785013,0.3,-34.9,1500.0,0.25559568405151367,5.166427850723267,23.755898237228394,274.161021232605,7500,-1.210516,0.027067024,150.0,0.44,-34.02,7500.0,0.003509156,0.12000583,0.081946746,-0.045061506,0.50939304,-0.14572926,0.34901196
-0.073492646,0.41495642,-0.08773631,0.36054534,3,40.0,-3.641084,0.6,-23.7,2000.0,0.2890148162841797,5.07792067527771,23.31377100944519,273.9703733921051,10000,-1.3863753,0.027213303,200.0,0.36,-33.0,10000.0,0.0049516754,0.12238188,0.12965435,-0.017204344,0.50804603,-0.08888815,0.35916537
-0.07048544,0.45193413,-0.079155356,0.42051908,4,50.0,-6.374608,0.4,-31.6,2500.0,0.2623937129974365,5.14332389831543,23.589590549468994,273.916791677475,12500,-1.5340164,0.030771364,250.0,0.26,-37.02,12500.0,0.007317225,0.27915862,0.22052917,-0.031213399,0.51002717,-0.08018994,0.41984972
-0.07382743,0.4511407,-0.07972447,0.42340654,5,60.0,-5.9095993,0.1,-44.7,3000.0,0.23676800727844238,5.063660383224487,24.13234043121338,285.4403624534607,15000,-1.6991286,0.03633136,300.0,0.28,-36.02,15000.0,0.008979808,0.34056842,0.22560322,-0.04727587,0.51017165,-0.08031775,0.42317945
-0.07981321,0.4433627,-0.085040666,0.41804934,6,70.0,-6.4563737,0.4,-32.2,3500.0,0.26682257652282715,5.1521782875061035,25.40632176399231,288.6419417858124,17500,-1.8105776,0.042499255,350.0,0.4,-32.2,17500.0,0.01332677,0.3237396,0.25130367,-0.05764006,0.5017784,-0.08512952,0.4170562
-0.07663162,0.45451057,-0.08218658,0.4323234,7,80.0,-9.003083,0.2,-39.9,4000.0,0.26809096336364746,5.508918046951294,28.596418380737305,315.2940957546234,20000,-1.8808541,0.044860695,400.0,0.46,-33.86,20000.0,0.017960602,0.44225833,0.26601976,-0.061273396,0.50579953,-0.0816334,0.43128163
-0.066498965,0.46349007,-0.069628865,0.44568813,8,90.0,-6.9421377,0.2,-40.2,4500.0,0.2510843276977539,5.254272222518921,28.2101411819458,316.0997474193573,22500,-1.9466046,0.047083978,450.0,0.38,-35.68,22500.0,0.021778112,0.53726333,0.23471673,-0.06102086,0.5061012,-0.06914131,0.4450052
-0.07431191,0.46407706,-0.07670569,0.4469333,9,100.0,-10.430448,0.2,-40.1,5000.0,0.25200343132019043,5.299947738647461,27.87955641746521,310.39477467536926,25000,-1.9884562,0.04805536,500.0,0.48,-32.7,25000.0,0.02579267,0.5329447,0.34082037,-0.06997584,0.5053556,-0.075992465,0.4467191
-0.08079318,0.4642567,-0.08378252,0.4467474,10,110.0,-10.691487,0.3,-36.4,5500.0,0.24808597564697266,5.395776748657227,27.658005714416504,309.19380474090576,27500,-2.0436087,0.048300724,550.0,0.56,-32.86,27500.0,0.031202856,0.35181758,0.32252744,-0.073766,0.5071286,-0.082706034,0.44667834
-0.087952025,0.4627916,-0.09268899,0.444529,11,120.0,-6.3477077,0.4,-31.9,6000.0,0.2976994514465332,5.412526369094849,27.553439617156982,319.9382119178772,30000,-2.0522048,0.04984304,600.0,0.52,-31.02,30000.0,0.0390521,0.62890285,0.4106402,-0.075261384,0.507724,-0.09199013,0.44465587
-0.07650849,0.4668516,-0.08030744,0.4502992,12,130.0,-10.79008,0.3,-37.5,6500.0,0.26169824600219727,5.447833061218262,27.96938681602478,312.94018030166626,32500,-2.0987883,0.050378755,650.0,0.48,-32.78,32500.0,0.04525675,1.1794742,0.78501916,-0.06835677,0.50638986,-0.08017235,0.45025277
-0.062631086,0.47261912,-0.06527439,0.4576095,13,140.0,-4.6637974,0.6,-24.3,7000.0,0.31896066665649414,5.493481636047363,27.993486642837524,312.9133851528168,35000,-2.1080728,0.05118231,700.0,0.5,-28.78,35000.0,0.05438235,0.75249034,0.42174095,-0.057371326,0.50827247,-0.064567834,0.45765346
-0.05735695,0.47413948,-0.060332224,0.46046358,14,150.0,-4.4899387,0.6,-25.0,7500.0,0.32584214210510254,5.449965238571167,27.86403203010559,310.8427064418793,37500,-2.169637,0.050942462,750.0,0.4,-33.34,37500.0,0.059607606,0.7535885,0.4324288,-0.051228277,0.50582707,-0.05943972,0.4605398
-0.0553711,0.47591358,-0.05860579,0.46359956,15,160.0,-7.5302553,0.6,-25.5,8000.0,0.29308390617370605,5.487717151641846,27.815068244934082,313.66170477867126,40000,-2.2151082,0.050542932,800.0,0.52,-32.84,40000.0,0.066351585,1.0673357,0.6931282,-0.04797363,0.5045364,-0.058028273,0.46372235
-0.054056592,0.47752437,-0.05770059,0.4658411,16,170.0,-3.3428738,0.7,-18.7,8500.0,0.3141663074493408,5.439327239990234,27.75812840461731,317.9422228336334,42500,-2.2630775,0.051589005,850.0,0.46,-35.04,42500.0,0.074605875,0.9828022,0.60107523,-0.045423266,0.50452495,-0.05700963,0.46584177
-0.052055582,0.4814459,-0.056310147,0.4707447,17,180.0,-8.369073,0.4,-33.1,9000.0,0.27057671546936035,5.530999183654785,28.02755904197693,314.29665541648865,45000,-2.2794473,0.0514678,900.0,0.58,-30.8,45000.0,0.0818643,0.8848743,0.6071949,-0.04419283,0.50530237,-0.055126112,0.47091097
-0.049029343,0.48465294,-0.054487072,0.47379547,18,190.0,-7.84738,0.5,-26.5,9500.0,0.2753455638885498,5.379142999649048,27.24688482284546,321.9099097251892,47500,-2.3184762,0.051355354,950.0,0.54,-31.08,47500.0,0.08850258,1.1447088,0.7618291,-0.038956285,0.507617,-0.05327069,0.47412425
-0.04873985,0.48599112,-0.054524604,0.47514576,19,200.0,-5.7965612,0.6,-25.1,10000.0,0.28452563285827637,5.377427101135254,27.590209245681763,312.0029454231262,50000,-2.3488417,0.051466398,1000.0,0.62,-32.34,50000.0,0.099681996,0.81196713,0.5673437,-0.03794197,0.509156,-0.053260252,0.47537893
-0.048531458,0.48715585,-0.054763883,0.4765836,20,210.0,-3.6677575,0.9,-17.6,10500.0,0.33204126358032227,5.519183874130249,27.6011004447937,312.812668800354,52500,-2.3840806,0.052062288,1050.0,0.6,-30.16,52500.0,0.10599381,0.9643469,0.61421084,-0.037989207,0.5089829,-0.05375026,0.47686267
-0.04617208,0.48819572,-0.053394932,0.47772366,21,220.0,-3.2505012,0.8,-16.1,11000.0,0.3351633548736572,5.52732515335083,28.148027181625366,320.5652573108673,55000,-2.3996975,0.05199762,1100.0,0.68,-30.86,55000.0,0.11115563,1.3090172,0.7853353,-0.03544376,0.50944877,-0.052390937,0.47802305
-0.04474533,0.48886386,-0.05259839,0.4778915,22,230.0,-3.7610278,0.9,-16.8,11500.0,0.36620306968688965,5.464615821838379,27.637839555740356,313.5126419067383,57500,-2.416469,0.049756285,1150.0,0.56,-31.84,57500.0,0.110761546,1.4850069,0.8137388,-0.03187439,0.5111034,-0.051875256,0.4781114
-0.039226174,0.48947424,-0.04740594,0.47827622,23,240.0,-5.1411695,0.7,-21.7,12000.0,0.2907280921936035,5.567643642425537,27.88859987258911,312.1384205818176,60000,-2.4495318,0.049288735,1200.0,0.66,-33.08,60000.0,0.11639691,0.9913644,0.69061255,-0.025146076,0.51157343,-0.046914175,0.47846043
-0.036202557,0.48979706,-0.044797942,0.47881776,24,250.0,-5.1018767,0.7,-27.8,12500.0,0.33113646507263184,5.350942134857178,27.577179193496704,320.28237771987915,62500,-2.4617376,0.04895311,1250.0,0.56,-34.22,62500.0,0.1184698,1.4588289,0.8859397,-0.02059647,0.51163363,-0.044533033,0.47900236
-0.03338718,0.49021035,-0.042828366,0.47932258,25,260.0,-2.8056786,0.9,-16.3,13000.0,0.31150102615356445,5.431641578674316,27.68811297416687,310.19547486305237,65000,-2.4930632,0.047532346,1300.0,0.52,-35.04,65000.0,0.11148897,0.9179345,0.6023988,-0.015964786,0.5113138,-0.04224534,0.47950685
-0.031710353,0.4896357,-0.0416836,0.47931284,26,270.0,-2.6840224,0.9,-12.9,13500.0,0.33145833015441895,5.411203861236572,27.949366807937622,319.6935496330261,67500,-2.5269392,0.046981543,1350.0,0.58,-34.3,67500.0,0.112302005,0.80027527,0.5365513,-0.0138115,0.50943184,-0.041134052,0.47950113
-0.031272862,0.48959714,-0.041933466,0.47941816,27,280.0,-6.019085,0.8,-18.6,14000.0,0.3679623603820801,5.44961404800415,28.09963822364807,313.3700909614563,70000,-2.554008,0.04469944,1400.0,0.62,-32.02,70000.0,0.10868942,1.1202542,0.9419149,-0.011486037,0.50929236,-0.04126494,0.47967097
-0.029778263,0.48916325,-0.04187038,0.4787441,28,290.0,-2.6355033,0.9,-14.2,14500.0,0.3160560131072998,5.491121530532837,27.9248628616333,312.63451743125916,72500,-2.582621,0.044118073,1450.0,0.48,-34.76,72500.0,0.10554548,1.3920845,0.95122945,-0.0066009667,0.5092095,-0.0410015,0.47900242
-0.026832147,0.4904002,-0.03918785,0.48044312,29,300.0,-4.106291,0.9,-15.7,15000.0,0.3138248920440674,5.408229351043701,27.182162761688232,311.7865209579468,75000,-2.6096013,0.043426525,1500.0,0.54,-34.96,75000.0,0.10282334,1.1931776,0.8805512,-0.00260966,0.50920236,-0.038113903,0.480543
-0.026350569,0.49172753,-0.039370544,0.48187083,30,310.0,-4.688238,0.8,-20.1,15500.0,0.3031289577484131,5.56253457069397,28.275853395462036,313.9809763431549,77500,-2.6252174,0.04348388,1550.0,0.64,-29.26,77500.0,0.09593732,0.79315275,0.46491763,-0.0013903966,0.5098568,-0.038432598,0.48207527
-0.024200585,0.4917753,-0.037789986,0.48231462,31,320.0,-7.0904746,0.6,-32.1,16000.0,0.3035001754760742,5.455843925476074,27.62044858932495,312.12811851501465,80000,-2.6797996,0.042955436,1600.0,0.56,-34.06,80000.0,0.095299125,1.1078911,0.8491026,0.0013333317,0.5086434,-0.037106004,0.4824481
-0.022767255,0.49302068,-0.03669884,0.48374963,32,330.0,-5.8496385,0.9,-19.3,16500.0,0.3369119167327881,5.386523008346558,27.975049257278442,319.2655940055847,82500,-2.6912968,0.043178447,1650.0,0.74,-29.22,82500.0,0.09615504,0.9805992,0.7253154,0.0020763138,0.50924957,-0.035803717,0.48388183
-0.020866444,0.49358413,-0.035286885,0.48460555,33,340.0,-2.794385,0.9,-12.8,17000.0,0.33349037170410156,5.495264291763306,28.081300020217896,312.8201103210449,85000,-2.7158663,0.042020544,1700.0,0.68,-32.48,85000.0,0.09707905,1.0625311,0.8009312,0.0044992664,0.50917506,-0.034396652,0.4847551
-0.021316774,0.49270332,-0.037232243,0.48387927,34,350.0,-6.111165,0.7,-25.4,17500.0,0.3222968578338623,5.570579290390015,28.045525789260864,312.9172246456146,87500,-2.695681,0.040760223,1750.0,0.66,-33.28,87500.0,0.094605416,0.87409425,0.58708113,0.006738084,0.5078993,-0.03648073,0.48405725
-0.022375993,0.49258634,-0.03909383,0.48359978,35,360.0,-1.5928957,1.0,-9.7,18000.0,0.32135987281799316,5.3911027908325195,27.87076425552368,310.5452253818512,90000,-2.7446218,0.041494735,1800.0,0.66,-34.8,90000.0,0.094124496,0.8436173,0.5835963,0.007755666,0.5074945,-0.038556606,0.48385522
-0.02214083,0.49290282,-0.039112203,0.48424023,36,370.0,-4.409558,0.8,-15.8,18500.0,0.33168458938598633,5.517397880554199,27.884361028671265,313.0576448440552,92500,-2.7422779,0.040292192,1850.0,0.68,-29.94,92500.0,0.0906688,0.6480665,0.45092297,0.008598381,0.5073131,-0.0384258,0.48447913
-0.022387236,0.4928708,-0.039401412,0.48436028,37,380.0,-3.5879664,0.9,-14.7,19000.0,0.32123398780822754,5.500567436218262,27.543216466903687,310.0871698856354,95000,-2.707892,0.03889875,1900.0,0.62,-31.74,95000.0,0.08679873,0.5868364,0.40536273,0.008444954,0.50678885,-0.039058488,0.48463508
-0.021290943,0.49283284,-0.038886398,0.48439702,38,390.0,-10.2885895,0.3,-36.5,19500.0,0.2800722122192383,5.5843281745910645,28.164663076400757,312.8325650691986,97500,-2.7214205,0.038571388,1950.0,0.62,-32.3,97500.0,0.08239342,0.84351724,0.49807504,0.010836383,0.50671995,-0.038546987,0.48452368
-0.021389568,0.49249166,-0.039359797,0.4839999,39,400.0,-4.23168,0.8,-15.6,20000.0,0.34177422523498535,5.542555809020996,27.95946502685547,311.7310028076172,100000,-2.6941645,0.036766052,2000.0,0.7,-30.62,100000.0,0.08127307,0.8413707,0.65236163,0.011354778,0.50629735,-0.039020963,0.4841026
-0.022337973,0.49291995,-0.040575046,0.4842344,40,410.0,-7.9776473,0.5,-30.4,20500.0,0.27882909774780273,5.466836452484131,27.938855171203613,316.83174180984497,102500,-2.6907506,0.03652662,2050.0,0.72,-31.42,102500.0,0.07825218,0.6986724,0.50438213,0.011581745,0.5063788,-0.040389225,0.48445517
-0.022615585,0.49286252,-0.041047856,0.4841448,41,420.0,-4.9270854,0.7,-19.2,21000.0,0.2877233028411865,5.579999208450317,28.051913738250732,317.16886854171753,105000,-2.6961718,0.035570364,2100.0,0.58,-30.66,105000.0,0.07506635,0.49675885,0.35322654,0.012511748,0.506155,-0.0408317,0.4843011
-0.022712927,0.49283275,-0.041723084,0.48410636,42,430.0,-3.2166848,1.0,-15.8,21500.0,0.3161005973815918,5.568891525268555,27.758196353912354,315.44204115867615,107500,-2.7247293,0.035597846,2150.0,0.72,-30.9,107500.0,0.07197877,0.63928854,0.3593617,0.012796229,0.5060725,-0.041574508,0.48420805
-0.022070259,0.49243626,-0.041318677,0.48381644,43,440.0,-1.1931038,1.0,-9.5,22000.0,0.33980226516723633,5.424143314361572,28.05254578590393,315.5747594833374,110000,-2.7344985,0.03425515,2200.0,0.7,-31.18,110000.0,0.07078835,0.64632195,0.41488856,0.014076472,0.5053358,-0.041341722,0.48401725
-0.021199018,0.49227756,-0.040744178,0.48393238,44,450.0,-2.4497902,1.0,-13.7,22500.0,0.34182119369506836,5.426310062408447,27.78459858894348,319.45537972450256,112500,-2.7269673,0.03409135,2250.0,0.68,-31.02,112500.0,0.069205746,0.62569195,0.3682934,0.014574978,0.5049312,-0.040594094,0.48406953
-0.022146713,0.49202907,-0.04208144,0.48364225,45,460.0,-1.7048175,0.9,-12.2,23000.0,0.35646533966064453,5.479132175445557,28.178486108779907,313.5982208251953,115000,-2.7385223,0.033564188,2300.0,0.66,-31.7,115000.0,0.06916549,0.604751,0.3495734,0.014017065,0.5044426,-0.04180938,0.48381966
-0.021892276,0.49221206,-0.041826352,0.4838277,46,470.0,-2.227797,1.0,-14.0,23500.0,0.3377845287322998,5.598002910614014,28.221311330795288,313.3642113208771,117500,-2.7272518,0.033695437,2350.0,0.74,-30.7,117500.0,0.068284705,0.63696223,0.4531555,0.014142166,0.50458777,-0.041600287,0.48391595
-0.02253636,0.4924,-0.04263998,0.48405153,47,480.0,-1.3516945,1.0,-10.1,24000.0,0.3414771556854248,5.536631107330322,27.956926345825195,324.1720254421234,120000,-2.727632,0.033412073,2400.0,0.68,-30.72,120000.0,0.06858635,0.47349352,0.35969892,0.013146311,0.50449795,-0.042526565,0.48412102
-0.021544984,0.49198854,-0.04218878,0.48365855,48,490.0,-2.6375003,1.0,-14.4,24500.0,0.3229999542236328,5.643687963485718,28.03054428100586,312.9885025024414,122500,-2.7262168,0.032583557,2450.0,0.7,-30.16,122500.0,0.06604847,0.55647814,0.33922186,0.014395418,0.5039226,-0.042028226,0.48381716
-0.02033576,0.49251264,-0.041351024,0.48418862,49,500.0,-1.2502607,1.0,-9.6,25000.0,0.3948075771331787,5.490954875946045,28.20901846885681,314.33275508880615,125000,-2.7206395,0.032523207,2500.0,0.6,-31.86,125000.0,0.06490845,0.5236,0.40195748,0.015639005,0.5043229,-0.041210487,0.48432356
-0.020676412,0.4932703,-0.04189694,0.484801,50,510.0,-1.7847612,1.0,-11.9,25500.0,0.39036130905151367,5.356531381607056,27.678920030593872,314.33402705192566,127500,-2.7451692,0.031754263,2550.0,0.74,-32.22,127500.0,0.06491474,0.5426491,0.36331207,0.014948845,0.5052533,-0.04162339,0.48496032
-0.021959309,0.49287283,-0.0433165,0.48433897,51,520.0,-4.8726416,0.9,-19.8,26000.0,0.3436164855957031,5.457505702972412,28.189730405807495,312.8277130126953,130000,-2.7390428,0.031123286,2600.0,0.7,-30.54,130000.0,0.065103516,0.5972579,0.35838634,0.0137314815,0.5049523,-0.043028407,0.48451668
-0.021370884,0.49280652,-0.04309632,0.48435682,52,530.0,-3.402471,1.0,-16.4,26500.0,0.33876943588256836,5.4041056632995605,28.140185594558716,314.4197344779968,132500,-2.7644746,0.031000031,2650.0,0.64,-32.3,132500.0,0.065723106,0.5316881,0.39381933,0.014744347,0.5046114,-0.042916697,0.48445326
-0.019917235,0.49307513,-0.04148402,0.48460752,53,540.0,-6.4407744,0.7,-25.9,27000.0,0.3103008270263672,5.447152137756348,27.807873725891113,313.42931962013245,135000,-2.7537596,0.030003045,2700.0,0.74,-28.72,135000.0,0.06254056,0.43158802,0.28291848,0.016388545,0.50476944,-0.041406587,0.48471254
-0.019889632,0.49274504,-0.041730646,0.48428178,54,550.0,-3.1280904,1.0,-16.3,27500.0,0.3430817127227783,5.475797176361084,27.65200114250183,312.72550535202026,137500,-2.7713885,0.029844994,2750.0,0.76,-31.18,137500.0,0.062151734,0.42545325,0.25060463,0.01677103,0.5042863,-0.041746777,0.48438215
-0.019801732,0.49236232,-0.042036053,0.48391914,55,560.0,-1.8447984,1.0,-11.5,28000.0,0.3335227966308594,5.499250411987305,27.85932445526123,314.86160349845886,140000,-2.7588508,0.029509548,2800.0,0.68,-32.88,140000.0,0.060774937,0.41610637,0.32903674,0.017388895,0.5036596,-0.042296752,0.48395374
-0.020154534,0.49215102,-0.042867724,0.48360926,56,570.0,-3.3923314,1.0,-16.7,28500.0,0.3483428955078125,5.432002067565918,28.275839805603027,314.95896100997925,142500,-2.7741725,0.029893389,2850.0,0.66,-27.68,142500.0,0.060222145,0.46898556,0.32115516,0.017618269,0.50344497,-0.042947456,0.48360294
-0.019660596,0.49156505,-0.042716064,0.48307225,57,580.0,-3.9323227,1.0,-19.3,29000.0,0.3576352596282959,5.495595693588257,28.078064680099487,316.77320742607117,145000,-2.7642226,0.029357305,2900.0,0.62,-31.36,145000.0,0.05979428,0.47503144,0.29294506,0.018902108,0.5026549,-0.04275868,0.4830097
-0.01953068,0.4915765,-0.042453647,0.48312986,58,590.0,-1.8467996,0.9,-9.5,29500.0,0.33646225929260254,5.341340065002441,25.572691917419434,291.82522559165955,147500,-2.7623842,0.029141817,2950.0,0.66,-29.46,147500.0,0.058003295,0.36725384,0.19920012,0.019517563,0.502264,-0.04245364,0.4830559
-0.019466616,0.49182826,-0.04279457,0.48318326,59,600.0,-2.597995,1.0,-13.4,30000.0,0.3143808841705322,5.139057397842407,24.3961398601532,283.94290590286255,150000,-2.758955,0.028565276,3000.0,0.62,-31.9,150000.0,0.056092218,0.36409962,0.21181664,0.02036884,0.5024455,-0.042682797,0.48310512
-0.019156234,0.49131268,-0.042751543,0.4827933,60,610.0,-5.280874,0.7,-25.8,30500.0,0.2842671871185303,5.185131788253784,23.862016916275024,286.26783442497253,152500,-2.7623808,0.027658898,3050.0,0.68,-34.18,152500.0,0.055173352,0.33159345,0.21693555,0.020681847,0.50181854,-0.042725656,0.48268366
-0.018862464,0.49111417,-0.042440508,0.4826231,61,620.0,-3.3314736,0.8,-17.7,31000.0,0.29818081855773926,5.202408075332642,24.178240537643433,279.1041691303253,155000,-2.778735,0.027875762,3100.0,0.74,-28.34,155000.0,0.054492015,0.36514488,0.24370325,0.02082989,0.50150794,-0.042440347,0.48250675
-0.019286187,0.49136144,-0.043049276,0.48279524,62,630.0,-2.56924,1.0,-13.5,31500.0,0.3109414577484131,5.154825210571289,24.325282335281372,281.23279786109924,157500,-2.7854273,0.0274393,3150.0,0.62,-33.56,157500.0,0.054268062,0.37588403,0.21571778,0.021166816,0.5016756,-0.04309204,0.48272055
-0.019305948,0.49120933,-0.043361038,0.48271093,63,640.0,-1.3708198,1.0,-9.5,32000.0,0.30562758445739746,5.115950584411621,23.89258313179016,280.16472125053406,160000,-2.7913702,0.027248284,3200.0,0.7,-30.58,160000.0,0.053413466,0.4285323,0.2476866,0.021191891,0.501365,-0.043470107,0.48256385
-0.020121476,0.49119705,-0.044237927,0.4826529,64,650.0,-2.5793386,1.0,-14.1,32500.0,0.3054311275482178,5.198517322540283,23.828715085983276,279.303955078125,162500,-2.8112009,0.027164875,3250.0,0.72,-28.6,162500.0,0.05272987,0.31400168,0.19696231,0.020596547,0.5012622,-0.04434766,0.4824841
-0.021162778,0.49170062,-0.045622412,0.4829262,65,660.0,-2.5430703,1.0,-14.6,33000.0,0.3315861225128174,5.183712482452393,23.925036191940308,279.59513807296753,165000,-2.7876503,0.027242377,3300.0,0.6,-30.1,165000.0,0.052288886,0.40173265,0.29064807,0.0196469,0.5018518,-0.045870926,0.48281196
-0.021660171,0.4916889,-0.046314687,0.4829542,66,670.0,-4.6940985,0.9,-21.6,33500.0,0.32379579544067383,5.180861949920654,24.20647382736206,282.2099280357361,167500,-2.8051744,0.026652839,3350.0,0.68,-29.98,167500.0,0.051745716,0.45334232,0.27027956,0.019193735,0.50177836,-0.046634343,0.48288205
-0.022124784,0.4916511,-0.046943597,0.48287353,67,680.0,-4.311611,0.8,-18.4,34000.0,0.3301675319671631,5.206911087036133,24.42278790473938,282.42356753349304,170000,-2.810496,0.026690647,3400.0,0.68,-30.4,170000.0,0.05095875,0.3104828,0.20749263,0.018928725,0.5016696,-0.047316127,0.4827218
-0.02110981,0.49223128,-0.045954358,0.48346364,68,690.0,-2.3312616,1.0,-13.6,34500.0,0.3174896240234375,5.1594624519348145,24.302879810333252,287.6603934764862,172500,-2.820484,0.025991978,3450.0,0.72,-30.66,172500.0,0.050344188,0.31728742,0.17157838,0.01987268,0.5021725,-0.0461973,0.48329908
-0.020750457,0.4923894,-0.045661725,0.48366982,69,700.0,-3.3923237,1.0,-18.2,35000.0,0.3224036693572998,5.210102796554565,24.26627230644226,280.0214731693268,175000,-2.8215516,0.025911458,3500.0,0.64,-30.72,175000.0,0.050128978,0.44689015,0.28585142,0.020417675,0.50228983,-0.045843318,0.48345026
-0.021986179,0.49201712,-0.047019623,0.4830769,70,710.0,-1.7572842,1.0,-10.5,35500.0,0.3121917247772217,5.191367149353027,24.11071252822876,279.9976785182953,177500,-2.8183835,0.025800673,3550.0,0.74,-27.44,177500.0,0.050175317,0.46025333,0.2573422,0.018869046,0.50202346,-0.04719662,0.48283976
-0.021672003,0.4924931,-0.046650317,0.483417,71,720.0,-3.0443327,1.0,-14.9,36000.0,0.31867480278015137,5.141096830368042,24.155946969985962,287.34672498703003,180000,-2.8260798,0.026082711,3600.0,0.62,-32.4,180000.0,0.049718816,0.35916492,0.23188518,0.018997552,0.5026694,-0.046968333,0.48313898
-0.021022765,0.4926573,-0.046111487,0.4835637,72,730.0,-2.707972,1.0,-14.9,36500.0,0.3126842975616455,5.135947942733765,24.082278966903687,280.6914839744568,182500,-2.8364289,0.025996473,3650.0,0.74,-29.72,182500.0,0.049987804,0.33004892,0.21609266,0.019644331,0.5028224,-0.046523564,0.4832561
-0.021127295,0.49277067,-0.046213835,0.48359606,73,740.0,-1.1645435,1.0,-9.4,37000.0,0.3100128173828125,5.114055395126343,24.28149938583374,281.13175797462463,185000,-2.8017356,0.025404386,3700.0,0.7,-32.16,185000.0,0.048480894,0.42680055,0.27676973,0.019389361,0.502926,-0.04662221,0.48333317
-0.021316497,0.4929883,-0.046509128,0.48365402,74,750.0,-3.1132436,0.9,-18.6,37500.0,0.3092954158782959,5.119938373565674,24.24358344078064,279.2814886569977,187500,-2.8093336,0.025409523,3750.0,0.72,-31.74,187500.0,0.048731886,0.32966736,0.20995167,0.019063223,0.5032617,-0.046927217,0.4833307
-0.022025371,0.49239296,-0.04749389,0.48312038,75,760.0,-5.7109513,0.8,-23.6,38000.0,0.2956840991973877,5.14019513130188,24.100709438323975,280.41905546188354,190000,-2.8139203,0.025196366,3800.0,0.6,-29.76,190000.0,0.047840156,0.4432096,0.2520096,0.018715791,0.50255054,-0.047896057,0.48277965
-0.0232616,0.49257517,-0.04890329,0.4831401,76,770.0,-2.3677354,1.0,-12.9,38500.0,0.3132758140563965,5.16568398475647,23.861625909805298,279.23805928230286,192500,-2.8107817,0.02486842,3850.0,0.76,-31.08,192500.0,0.04798637,0.33968073,0.2046735,0.017452288,0.5028573,-0.049279153,0.482822
-0.023608442,0.4925969,-0.04930883,0.48326334,77,780.0,-2.0076067,1.0,-13.1,39000.0,0.3097693920135498,5.143724203109741,23.849640607833862,277.81194972991943,195000,-2.8179598,0.025138909,3900.0,0.6,-31.14,195000.0,0.048153065,0.3509331,0.19521153,0.017251395,0.5026826,-0.049662054,0.48297402
-0.023390174,0.49273533,-0.04899221,0.48337072,78,790.0,-2.9448256,1.0,-16.4,39500.0,0.31371378898620605,5.148684978485107,24.31992745399475,280.7912447452545,197500,-2.8281598,0.024844216,3950.0,0.78,-32.18,197500.0,0.048038986,0.2918966,0.16764748,0.017299004,0.50270945,-0.04940444,0.48301923
-0.024439452,0.49260265,-0.050069716,0.48318315,79,800.0,-2.6601572,1.0,-14.0,40000.0,0.30464816093444824,5.089098691940308,24.66003179550171,283.1069483757019,200000,-2.8279102,0.025064828,4000.0,0.74,-29.82,200000.0,0.04806852,0.40974706,0.23812453,0.016199436,0.502615,-0.05029404,0.48285565
-0.025179967,0.492264,-0.051179826,0.4828412,80,810.0,-3.363069,0.9,-17.6,40500.0,0.31805419921875,5.151224136352539,24.45562219619751,282.9927296638489,202500,-2.833114,0.025063641,4050.0,0.68,-31.56,202500.0,0.04813912,0.3562271,0.19829151,0.015767794,0.5022189,-0.051314063,0.48249018
-0.025632812,0.49239022,-0.051790416,0.4829194,81,820.0,-1.6723331,1.0,-9.9,41000.0,0.31116747856140137,5.21271014213562,24.19994044303894,287.85427927970886,205000,-2.82861,0.02423122,4100.0,0.74,-29.78,205000.0,0.047900252,0.32574794,0.2013893,0.015382991,0.502352,-0.051966406,0.4825657
-0.025519267,0.49276185,-0.051384345,0.48326924,82,830.0,-3.0863755,1.0,-15.4,41500.0,0.32335519790649414,5.122352838516235,23.99572253227234,281.26659393310547,207500,-2.8392136,0.024551246,4150.0,0.68,-31.24,207500.0,0.04727484,0.3016888,0.21946433,0.015121635,0.5026227,-0.05174028,0.48285753
-0.025234679,0.49315098,-0.051200755,0.48364043,83,840.0,-3.2389503,1.0,-16.1,42000.0,0.31349730491638184,5.148253679275513,23.826542377471924,280.152055978775,210000,-2.818984,0.024285017,4200.0,0.74,-26.54,210000.0,0.047019146,0.4044319,0.22405756,0.0150587745,0.5030508,-0.051538736,0.48320997
-0.025641415,0.49302042,-0.051760834,0.4835251,84,850.0,-1.8136613,1.0,-10.7,42500.0,0.32101917266845703,5.102663278579712,24.14022445678711,287.5465304851532,212500,-2.8231952,0.024237033,4250.0,0.64,-30.7,212500.0,0.04657592,0.29535133,0.16709751,0.014594613,0.50281036,-0.052143563,0.48309368
-0.025293373,0.4936227,-0.05139094,0.48399782,85,860.0,-1.7805023,1.0,-10.9,43000.0,0.3213388919830322,5.1585328578948975,23.869036197662354,279.79727435112,215000,-2.8112879,0.023820851,4300.0,0.76,-28.5,215000.0,0.046373848,0.4567788,0.24267875,0.01458591,0.50338006,-0.0517628,0.48353076
-0.025233068,0.4933703,-0.05165077,0.4837255,86,870.0,-2.123863,1.0,-12.3,43500.0,0.3273296356201172,5.090590238571167,24.14127802848816,282.3412380218506,217500,-2.8156893,0.024072709,4350.0,0.74,-30.4,217500.0,0.04648583,0.30832586,0.18165603,0.015098031,0.503085,-0.05202992,0.48324853
-0.024795674,0.49341,-0.051175445,0.4837662,87,880.0,-4.211566,0.8,-19.8,44000.0,0.29489827156066895,5.162541627883911,24.24513864517212,281.5293855667114,220000,-2.8368301,0.023518708,4400.0,0.74,-27.62,220000.0,0.047245532,0.2341783,0.15358953,0.01530196,0.5030002,-0.0515874,0.48331523
-0.025040306,0.49313095,-0.051601507,0.4834535,88,890.0,-1.6514428,1.0,-11.6,44500.0,0.3145151138305664,5.195436477661133,24.570551872253418,291.9761574268341,222500,-2.8217835,0.023873692,4450.0,0.66,-31.42,222500.0,0.047210008,0.37479198,0.20202768,0.015183473,0.50279367,-0.05190063,0.48302835
-0.024984585,0.49345767,-0.05163236,0.4836447,89,900.0,-4.792886,1.0,-22.5,45000.0,0.3103487491607666,5.158504009246826,24.095540285110474,283.1394658088684,225000,-2.8199704,0.02336739,4500.0,0.56,-29.74,225000.0,0.047051683,0.36434954,0.22679149,0.015174819,0.50301445,-0.051852837,0.48321167
-0.024211548,0.49343932,-0.050790597,0.48367637,90,910.0,-2.9113011,1.0,-14.7,45500.0,0.339724063873291,5.1654229164123535,23.92609667778015,281.7248651981354,227500,-2.808767,0.023330277,4550.0,0.76,-31.92,227500.0,0.04561024,0.24065539,0.15724303,0.015976327,0.5028917,-0.05106166,0.48328763
-0.023899952,0.4934372,-0.05048212,0.48358804,91,920.0,-0.9773057,1.0,-9.6,46000.0,0.315662145614624,5.157607555389404,24.213875770568848,280.88489747047424,230000,-2.8161125,0.02365309,4600.0,0.66,-30.76,230000.0,0.04599804,0.36068338,0.21883027,0.01617276,0.5029688,-0.050836287,0.48322105
-0.023207417,0.49351826,-0.049656153,0.48367763,92,930.0,-1.7747707,1.0,-11.4,46500.0,0.37598276138305664,5.088939666748047,24.266894102096558,280.6041033267975,232500,-2.80852,0.02351869,4650.0,0.8,-27.88,232500.0,0.046249945,0.26536572,0.16514707,0.016694322,0.5029499,-0.050019976,0.48327827
-0.023311134,0.4934181,-0.049963795,0.483592,93,940.0,-1.904171,1.0,-11.7,47000.0,0.33264636993408203,5.137694358825684,24.396703004837036,281.4278004169464,235000,-2.8357813,0.02350479,4700.0,0.6,-30.56,235000.0,0.046485588,0.26031482,0.16608988,0.016709067,0.5027904,-0.05026394,0.48323357
-0.023305472,0.49309903,-0.049977943,0.48327416,94,950.0,-2.3326373,1.0,-13.8,47500.0,0.32413291931152344,5.11512017250061,23.865676879882812,283.0545918941498,237500,-2.8041885,0.023183001,4750.0,0.68,-30.9,237500.0,0.04598156,0.33140403,0.17747065,0.016756944,0.5023822,-0.050317787,0.48291868
-0.02310407,0.49326426,-0.049816903,0.483403,95,960.0,-1.7498322,1.0,-10.9,48000.0,0.32389092445373535,5.158507347106934,24.14945125579834,284.16933131217957,240000,-2.8273025,0.023432134,4800.0,0.74,-30.6,240000.0,0.045132,0.30008918,0.1690411,0.016949475,0.5026318,-0.05003316,0.48309463
-0.022646502,0.49325538,-0.04928164,0.4834088,96,970.0,-4.089255,0.9,-20.5,48500.0,0.3053107261657715,5.153717041015625,24.078254222869873,279.54565358161926,242500,-2.818092,0.023517223,4850.0,0.6,-31.82,242500.0,0.04517716,0.41557539,0.2766113,0.017341984,0.50260067,-0.04944579,0.4830881
-0.022952046,0.49296123,-0.049606103,0.48305583,97,980.0,-2.3591664,1.0,-14.0,49000.0,0.30722856521606445,5.148045539855957,24.214179754257202,281.4205400943756,245000,-2.8071878,0.022768334,4900.0,0.7,-29.92,245000.0,0.04488744,0.2879054,0.17089154,0.01711298,0.5022447,-0.04981385,0.48274982
-0.022691118,0.4930431,-0.049430028,0.48304683,98,990.0,-2.4998765,1.0,-14.6,49500.0,0.3202238082885742,5.21100926399231,24.30176091194153,280.82358288764954,247500,-2.814505,0.023435332,4950.0,0.76,-33.92,247500.0,0.04573527,0.34121335,0.21015581,0.017382005,0.5024866,-0.04966253,0.482716
-0.022730485,0.49269015,-0.04971248,0.48270267,99,1000.0,-5.173403,0.8,-18.7,50000.0,0.27793216705322266,5.191864252090454,23.640222549438477,284.1436903476715,250000,-2.813273,0.022506481,5000.0,0.68,-30.48,250000.0,0.04542738,0.24746981,0.16434996,0.017461523,0.5020673,-0.049970023,0.4823326
-0.022964677,0.49251878,-0.05004313,0.4824316,100,1010.0,-0.5196594,1.0,-6.0,50500.0,0.3141899108886719,5.128711223602295,24.315953254699707,284.33857131004333,252500,-2.813792,0.022968132,5050.0,0.72,-29.24,252500.0,0.0454127,0.4556392,0.29778534,0.017226959,0.5020262,-0.050309222,0.4820959
-0.02259858,0.49263814,-0.049709808,0.4825774,101,1020.0,-2.0159955,1.0,-12.5,51000.0,0.34122204780578613,5.250908374786377,24.16015338897705,279.93711495399475,255000,-2.8207607,0.022790678,5100.0,0.62,-30.58,255000.0,0.0458802,0.2875727,0.18316416,0.017573915,0.5021451,-0.049978133,0.482206
-0.022765843,0.49237937,-0.050080102,0.48222592,102,1030.0,-2.3340507,1.0,-13.6,51500.0,0.3647174835205078,5.174581289291382,24.025123357772827,289.02846002578735,257500,-2.8159347,0.022896556,5150.0,0.66,-33.94,257500.0,0.044881463,0.34403563,0.19753112,0.01776943,0.5019699,-0.050299603,0.48187113
-0.022527063,0.49250793,-0.04981864,0.48231316,103,1040.0,-2.8627713,1.0,-14.3,52000.0,0.33832526206970215,5.221567630767822,24.317763566970825,283.31178426742554,260000,-2.8293002,0.02231164,5200.0,0.68,-30.5,260000.0,0.04438672,0.30072677,0.19755912,0.018059082,0.5020437,-0.04991088,0.48192888
-0.022400783,0.4925703,-0.04970242,0.4823616,104,1050.0,-1.3627409,1.0,-9.1,52500.0,0.31254100799560547,5.1095921993255615,24.30427384376526,284.0945415496826,262500,-2.8169434,0.022187592,5250.0,0.68,-28.2,262500.0,0.044189952,0.37794328,0.2565869,0.018069534,0.5020859,-0.049789045,0.48196718
-0.022151498,0.49231476,-0.049446955,0.48215953,105,1060.0,-2.9040756,1.0,-15.7,53000.0,0.3162703514099121,5.181943893432617,24.25232982635498,280.2108588218689,265000,-2.8149161,0.022292385,5300.0,0.68,-31.2,265000.0,0.04412481,0.23167741,0.15833089,0.01828664,0.50171137,-0.04956582,0.48174697
-0.022512238,0.49241644,-0.04998432,0.48214805,106,1070.0,-1.6049097,1.0,-11.0,53500.0,0.325300931930542,5.122321128845215,23.945931673049927,280.208167552948,267500,-2.8076377,0.02257406,5350.0,0.74,-30.76,267500.0,0.044066906,0.2676774,0.15356122,0.017980393,0.5018757,-0.050008915,0.4817428
-0.02188956,0.49259287,-0.049395315,0.48232776,107,1080.0,-0.9550904,1.0,-8.7,54000.0,0.36008763313293457,5.1483683586120605,24.17659044265747,284.14212441444397,270000,-2.7981489,0.022175457,5400.0,0.68,-30.68,270000.0,0.043415826,0.32572436,0.21883312,0.018436246,0.5020168,-0.04938912,0.48193124
-0.021667372,0.49254167,-0.04915725,0.4822368,108,1090.0,-2.685859,0.9,-16.5,54500.0,0.31533217430114746,5.154606103897095,24.040646076202393,284.49978518486023,272500,-2.820386,0.02210328,5450.0,0.68,-31.28,272500.0,0.044434246,0.28047743,0.1650942,0.018752288,0.5019803,-0.049218144,0.4818853
-0.021595579,0.49256098,-0.049288455,0.48224974,109,1100.0,-1.8001623,1.0,-10.8,55000.0,0.334014892578125,5.147653102874756,24.15048336982727,284.5754060745239,275000,-2.8065856,0.022409631,5500.0,0.68,-32.68,275000.0,0.044573765,0.31773046,0.1802946,0.019196559,0.50189584,-0.049300194,0.48190832
-0.021549549,0.49221343,-0.049505185,0.48198932,110,1110.0,-2.5028307,1.0,-12.5,55500.0,0.32579612731933594,5.166558504104614,23.701870918273926,279.1322674751282,277500,-2.8186557,0.022425715,5550.0,0.56,-32.56,277500.0,0.04455633,0.34945735,0.2083808,0.019245565,0.50141823,-0.049509924,0.48161435
-0.021806244,0.49238786,-0.049891204,0.48211634,111,1120.0,-3.833189,0.9,-17.5,56000.0,0.31214118003845215,5.140090227127075,24.138665199279785,284.4438269138336,280000,-2.8202283,0.021715213,5600.0,0.62,-31.56,280000.0,0.043679327,0.24997029,0.16877711,0.01899581,0.5017812,-0.04993963,0.4816895
-0.022159327,0.49239174,-0.050313003,0.48210263,112,1130.0,-1.5667417,1.0,-11.2,56500.0,0.32029080390930176,5.136780500411987,24.055931329727173,279.533433675766,282500,-2.8143444,0.021793354,5650.0,0.64,-30.74,282500.0,0.04318219,0.21216458,0.12827975,0.018869441,0.5017843,-0.05038324,0.48167348
-0.022242606,0.4923449,-0.05049579,0.48199648,113,1140.0,-2.1743479,1.0,-13.0,57000.0,0.3192296028137207,5.147498607635498,23.859182357788086,284.13941764831543,285000,-2.8255339,0.022057747,5700.0,0.78,-29.9,285000.0,0.043404315,0.2967477,0.23565465,0.018640192,0.50178766,-0.050468996,0.48160928
-0.021569248,0.49265385,-0.049686648,0.48239076,114,1150.0,-2.8898358,1.0,-15.3,57500.0,0.35957860946655273,5.200195074081421,24.2542884349823,281.5874960422516,287500,-2.8405344,0.021937473,5750.0,0.76,-30.52,287500.0,0.043987416,0.32292858,0.18057597,0.019196002,0.5020973,-0.04966577,0.48199195
-0.022081451,0.4926629,-0.05019602,0.48242468,115,1160.0,-2.9500468,1.0,-16.2,58000.0,0.3193340301513672,5.164876699447632,24.25056004524231,281.77825832366943,290000,-2.82801,0.021954045,5800.0,0.64,-28.96,290000.0,0.043799333,0.26833862,0.17787986,0.01845923,0.5020505,-0.050167657,0.48205426
-0.022336269,0.4928425,-0.05037546,0.48261154,116,1170.0,-3.7792554,1.0,-18.2,58500.0,0.3190593719482422,5.176283597946167,23.93037223815918,279.3910663127899,292500,-2.839447,0.02187971,5850.0,0.72,-32.52,292500.0,0.04420188,0.25141478,0.15746243,0.018001689,0.5022389,-0.050363254,0.48223847
-0.022438375,0.49274915,-0.050540738,0.48248136,117,1180.0,-2.6894424,1.0,-15.2,59000.0,0.3054988384246826,5.209081172943115,24.496614456176758,290.8129413127899,295000,-2.8283312,0.021964608,5900.0,0.76,-31.04,295000.0,0.04300193,0.24433975,0.15035895,0.018112661,0.50210154,-0.050562825,0.48214296
-0.022069102,0.49279118,-0.049934812,0.48252803,118,1190.0,-1.4301618,1.0,-10.9,59500.0,0.3161168098449707,5.180409908294678,24.310845613479614,289.5510241985321,297500,-2.8389218,0.021998648,5950.0,0.68,-31.24,297500.0,0.04328224,0.19215475,0.1154759,0.018231433,0.5020902,-0.04991641,0.48217398
-0.02227951,0.49270827,-0.05015933,0.4823829,119,1200.0,-1.2431302,1.0,-9.7,60000.0,0.2953503131866455,5.15446400642395,23.87472701072693,279.8753890991211,300000,-2.8319235,0.022012666,6000.0,0.74,-28.94,300000.0,0.043315776,0.2043591,0.12504604,0.017915657,0.50206685,-0.050204094,0.48200825
-0.021872347,0.49319106,-0.049797054,0.48284248,120,1210.0,-1.1830888,1.0,-8.5,60500.0,0.3128085136413574,5.081414699554443,23.90266180038452,278.66284227371216,302500,-2.8324938,0.021587582,6050.0,0.76,-30.18,302500.0,0.043224126,0.32049882,0.20725285,0.018166745,0.50259817,-0.049794346,0.48247343
-0.021604158,0.4932298,-0.04935177,0.4828357,121,1220.0,-1.3299729,1.0,-9.2,61000.0,0.33547163009643555,5.181015253067017,24.31902813911438,284.6667478084564,305000,-2.8349888,0.021813229,6100.0,0.66,-32.04,305000.0,0.04291996,0.21582907,0.13962431,0.018385828,0.5026198,-0.049383346,0.48246574
-0.021764485,0.49309522,-0.049588747,0.48267365,122,1230.0,-1.1506361,1.0,-9.2,61500.0,0.3240203857421875,5.128147840499878,23.92031764984131,280.6046142578125,307500,-2.8400104,0.022213968,6150.0,0.64,-29.26,307500.0,0.04340794,0.23629434,0.15480967,0.018160509,0.5024688,-0.04956062,0.48231047
-0.021917447,0.49301893,-0.049787194,0.48252767,123,1240.0,-2.4552882,1.0,-13.6,62000.0,0.3065505027770996,5.157425403594971,23.97205400466919,279.61192321777344,310000,-2.837557,0.021557156,6200.0,0.76,-30.46,310000.0,0.042548813,0.20368603,0.12266696,0.01793627,0.50240725,-0.04980522,0.48212713
-0.022080358,0.4930917,-0.05007557,0.4825524,124,1250.0,-2.2268069,1.0,-12.4,62500.0,0.33460497856140137,5.164594888687134,24.179423332214355,280.3648946285248,312500,-2.850645,0.021934273,6250.0,0.72,-33.46,312500.0,0.043351427,0.23122543,0.14087191,0.017850995,0.5025621,-0.049959473,0.4821581
-0.022160634,0.4930185,-0.05017583,0.48244223,125,1260.0,-2.72825,1.0,-16.6,63000.0,0.3011794090270996,5.095744609832764,23.98115110397339,284.82517290115356,315000,-2.8442647,0.021550434,6300.0,0.72,-32.64,315000.0,0.04213798,0.23300038,0.16839,0.017998705,0.5025312,-0.050031923,0.48204845
-0.022522176,0.49316835,-0.05062059,0.48253024,126,1270.0,-3.2899768,1.0,-16.5,63500.0,0.33359789848327637,5.109751224517822,23.7544903755188,278.7705080509186,317500,-2.8623908,0.02154791,6350.0,0.64,-30.72,317500.0,0.04298224,0.18245146,0.116319366,0.017642787,0.5026494,-0.050420515,0.48216647
-0.022562586,0.49319875,-0.05057177,0.48257828,127,1280.0,-3.252257,1.0,-17.1,64000.0,0.3113126754760742,5.1997644901275635,24.14682364463806,281.8722879886627,320000,-2.8507967,0.02152185,6400.0,0.66,-30.58,320000.0,0.042406917,0.22462335,0.1440964,0.017668178,0.5026411,-0.05038222,0.4822068
-0.02245856,0.49312082,-0.050683316,0.48248702,128,1290.0,-1.407567,1.0,-10.1,64500.0,0.3183903694152832,5.247982025146484,24.304923057556152,286.9721279144287,322500,-2.8551443,0.021423027,6450.0,0.62,-30.22,322500.0,0.04224541,0.2087194,0.13783859,0.017949171,0.5025411,-0.050465625,0.48209697
-0.022325216,0.4930786,-0.050528213,0.48243088,129,1300.0,-2.7628057,1.0,-15.7,65000.0,0.3119535446166992,5.214264631271362,24.143720149993896,280.98642015457153,325000,-2.846303,0.02117849,6500.0,0.78,-28.82,325000.0,0.04213609,0.23856415,0.15391251,0.018066967,0.50245285,-0.05035361,0.48205176
-0.022589743,0.49290535,-0.05094263,0.48217708,130,1310.0,-2.8733723,1.0,-15.2,65500.0,0.3075428009033203,5.122846603393555,23.84205150604248,289.28940296173096,327500,-2.8347588,0.021732816,6550.0,0.8,-30.6,327500.0,0.042785455,0.287979,0.18258531,0.017912814,0.5022423,-0.05074103,0.48183662
-0.022585081,0.4927395,-0.051038764,0.48196113,131,1320.0,-4.8913403,0.8,-19.5,66000.0,0.30330729484558105,5.181432723999023,23.86661148071289,283.49347734451294,330000,-2.822848,0.021298267,6600.0,0.66,-29.28,330000.0,0.041935157,0.22501513,0.13985544,0.017919656,0.50206006,-0.050821293,0.48161602
-0.02240779,0.4925812,-0.050878208,0.4818254,132,1330.0,-3.0269942,1.0,-16.9,66500.0,0.3001086711883545,5.17713189125061,23.678777933120728,282.15488624572754,332500,-2.8179874,0.021032147,6650.0,0.66,-30.32,332500.0,0.041703783,0.3048031,0.18472455,0.018159356,0.50182986,-0.050645564,0.48149014
-0.022655442,0.4925204,-0.051051244,0.4816579,133,1340.0,-2.0641537,1.0,-12.4,67000.0,0.31179022789001465,5.243958473205566,24.298582553863525,285.00676012039185,335000,-2.8153694,0.021026243,6700.0,0.76,-32.96,335000.0,0.04083288,0.16097915,0.1060398,0.017837433,0.501776,-0.05081512,0.48133564
-0.022481645,0.4922114,-0.05096948,0.48137155,134,1350.0,-1.3635187,1.0,-9.2,67500.0,0.30629396438598633,5.174932479858398,24.028626918792725,281.10135555267334,337500,-2.8344855,0.020878507,6750.0,0.7,-31.72,337500.0,0.040449064,0.30240244,0.20931667,0.018189533,0.5014462,-0.05069451,0.4810465
-0.021957908,0.4922331,-0.0503199,0.48140743,135,1360.0,-2.5164018,0.9,-17.7,68000.0,0.31023550033569336,5.084891080856323,24.29799771308899,278.86309242248535,340000,-2.8244689,0.021048801,6800.0,0.76,-31.74,340000.0,0.04112798,0.17004623,0.101781085,0.01857541,0.5014924,-0.05003707,0.4810617
-0.021704206,0.49229452,-0.050012875,0.48144847,136,1370.0,-4.0118737,1.0,-20.1,68500.0,0.3190186023712158,5.199217319488525,23.49530863761902,282.8254351615906,342500,-2.837571,0.021364318,6850.0,0.68,-31.0,342500.0,0.04083625,0.26730767,0.15458408,0.01884349,0.50154907,-0.04977192,0.48108977
-0.021486355,0.49222678,-0.04983285,0.48135328,137,1380.0,-1.3835981,1.0,-10.0,69000.0,0.30510902404785156,5.062514543533325,23.09276533126831,272.3291289806366,345000,-2.8293192,0.021175437,6900.0,0.54,-32.32,345000.0,0.04128983,0.20363568,0.1186597,0.019073369,0.5014661,-0.049575098,0.48099202
-0.021670837,0.4919563,-0.050105337,0.48112798,138,1390.0,-2.0084736,0.8,-20.9,69500.0,0.28911423683166504,4.952664136886597,22.409612894058228,265.61788535118103,347500,-2.835586,0.021085896,6950.0,0.62,-30.52,347500.0,0.040604938,0.30825427,0.25428513,0.019041117,0.5011642,-0.04984212,0.4807517
-0.021476319,0.49206564,-0.049871124,0.48129106,139,1400.0,-2.2823606,1.0,-12.8,70000.0,0.3018927574157715,4.970058441162109,22.116151094436646,263.9415822029114,350000,-2.8379014,0.020882348,7000.0,0.7,-30.38,350000.0,0.040089086,0.19933486,0.12731194,0.019254934,0.50116134,-0.049601488,0.4809199
-0.021294925,0.49185216,-0.04974532,0.4810242,140,1410.0,-1.0793941,1.0,-8.6,70500.0,0.29688239097595215,5.046320676803589,22.018720865249634,269.8507733345032,352500,-2.8358512,0.02069007,7050.0,0.78,-30.1,352500.0,0.040175997,0.21224426,0.13089171,0.019367902,0.5009283,-0.049480546,0.48068854
-0.021150101,0.49196005,-0.049585808,0.48110208,141,1420.0,-2.2271116,1.0,-13.6,71000.0,0.3025965690612793,4.944268703460693,22.14371943473816,262.8578495979309,355000,-2.8321092,0.02102589,7100.0,0.8,-29.96,355000.0,0.041115813,0.19572678,0.1369034,0.019509401,0.5009642,-0.04923337,0.4807924
-0.021663634,0.49182093,-0.050302263,0.48094153,142,1430.0,-1.3329551,1.0,-9.3,71500.0,0.3049952983856201,5.0230114459991455,22.052329063415527,262.9338231086731,357500,-2.8426783,0.021211354,7150.0,0.54,-31.48,357500.0,0.03999646,0.23689927,0.14526628,0.019181916,0.5007906,-0.04992547,0.48060793
-0.022013698,0.4917606,-0.050624203,0.480879,143,1440.0,-1.5846469,1.0,-10.1,72000.0,0.3056764602661133,5.039791107177734,22.267845392227173,264.12324118614197,360000,-2.839489,0.021062775,7200.0,0.82,-30.66,360000.0,0.04009189,0.2711605,0.2101147,0.018662136,0.5007257,-0.05027422,0.48056376
-0.022016719,0.4916801,-0.050600745,0.48074323,144,1450.0,-3.4956138,1.0,-17.7,72500.0,0.321474552154541,4.982417821884155,22.112114667892456,262.3291485309601,362500,-2.8356383,0.021203868,7250.0,0.7,-29.56,362500.0,0.0400393,0.20198575,0.12448629,0.018625017,0.5006357,-0.050228156,0.48044226
-0.022284618,0.49156672,-0.050906803,0.48056644,145,1460.0,-2.1244662,0.9,-15.7,73000.0,0.29371213912963867,4.98108434677124,22.004085302352905,261.7271656990051,365000,-2.837813,0.020770691,7300.0,0.72,-29.66,365000.0,0.039418712,0.28188923,0.18416187,0.0182481,0.50056094,-0.05051167,0.48027927
-0.021856688,0.49162763,-0.05051112,0.4806662,146,1470.0,-2.4431286,1.0,-14.5,73500.0,0.3022117614746094,4.97624397277832,21.94465136528015,260.15050745010376,367500,-2.853953,0.021099145,7350.0,0.64,-34.16,367500.0,0.040571302,0.21295306,0.13172,0.018798623,0.50059676,-0.050169386,0.48037243
-0.021861704,0.49164835,-0.050503273,0.4806592,147,1480.0,-1.2840006,1.0,-9.6,74000.0,0.2995431423187256,4.950674057006836,22.044813632965088,259.7063298225403,370000,-2.849229,0.020920148,7400.0,0.72,-30.34,370000.0,0.039338097,0.24210712,0.14037038,0.018803373,0.50067616,-0.05016712,0.48036304
-0.02141721,0.49166209,-0.049927633,0.480754,148,1490.0,-2.985211,1.0,-16.4,74500.0,0.30431199073791504,4.93849778175354,22.048296451568604,259.3166356086731,372500,-2.843537,0.020611074,7450.0,0.62,-31.92,372500.0,0.03869218,0.20728946,0.14612499,0.019239752,0.5006566,-0.049591567,0.48044795
-0.02081095,0.49198532,-0.049309153,0.48108104,149,1500.0,-1.7261858,1.0,-11.8,75000.0,0.3059699535369873,5.018538475036621,22.07491636276245,260.6477048397064,375000,-2.836912,0.020827945,7500.0,0.8,-32.08,375000.0,0.03925618,0.20155711,0.11731649,0.01972951,0.5009444,-0.048933428,0.48078963
-0.020862902,0.49210733,-0.049214568,0.48114407,150,1510.0,-3.5331051,1.0,-16.4,75500.0,0.29909586906433105,4.970915079116821,22.064709424972534,259.56840419769287,377500,-2.8217254,0.020613054,7550.0,0.64,-29.08,377500.0,0.03855396,0.20321645,0.118912645,0.019502051,0.50108194,-0.048880897,0.48083842
-0.020251319,0.49230364,-0.048764545,0.48134,151,1520.0,-1.4537836,1.0,-9.9,76000.0,0.30074334144592285,4.976337671279907,22.219051361083984,259.97340846061707,380000,-2.8258576,0.02097841,7600.0,0.72,-33.26,380000.0,0.039616827,0.24993742,0.15778783,0.02005032,0.50126284,-0.04837457,0.4810394
-0.019782098,0.4923095,-0.048429083,0.48134717,152,1530.0,-1.279825,1.0,-9.8,76500.0,0.29940032958984375,4.958655595779419,22.16930842399597,260.13801765441895,382500,-2.8466563,0.020859038,7650.0,0.72,-31.98,382500.0,0.03970213,0.18537168,0.12012347,0.020595545,0.5012089,-0.047993712,0.48105684
-0.01986239,0.49230745,-0.048572384,0.48130444,153,1540.0,-2.316467,1.0,-13.9,77000.0,0.3021388053894043,5.005321741104126,22.144906520843506,259.89453649520874,385000,-2.8409686,0.021127515,7700.0,0.76,-31.3,385000.0,0.040098786,0.14854603,0.1097057,0.020441454,0.5012629,-0.048103865,0.48102677
-0.020108078,0.49226645,-0.048874114,0.48127317,154,1550.0,-2.1753707,1.0,-12.4,77500.0,0.3005397319793701,4.962630271911621,22.048155546188354,259.8446011543274,387500,-2.8608165,0.021064743,7750.0,0.6,-31.32,387500.0,0.03953305,0.15949188,0.10213918,0.02016148,0.50120604,-0.0483929,0.4809991
-0.020121077,0.49227932,-0.048827097,0.48126757,155,1560.0,-1.8596643,1.0,-12.9,78000.0,0.29944753646850586,4.9736106395721436,22.123144149780273,259.05886912345886,390000,-2.8542178,0.020721454,7800.0,0.72,-29.32,390000.0,0.039163623,0.20086326,0.13443147,0.020089269,0.501226,-0.048318077,0.48102123
-0.020329336,0.49222898,-0.04906819,0.48124334,156,1570.0,-2.0842688,1.0,-12.9,78500.0,0.2991185188293457,4.9737160205841064,22.054748058319092,258.7967586517334,392500,-2.8562474,0.021004783,7850.0,0.64,-29.14,392500.0,0.039756935,0.24522942,0.17605546,0.019899406,0.501163,-0.04854633,0.4809873
-0.020191537,0.49221212,-0.048981894,0.48123395,157,1580.0,-2.9521837,1.0,-16.5,79000.0,0.304689884185791,4.961504936218262,22.054347276687622,259.25575613975525,395000,-2.8497696,0.021254338,7900.0,0.7,-31.84,395000.0,0.03913367,0.20997669,0.12530051,0.020160856,0.5010851,-0.048449233,0.4810019
-0.020206118,0.49215135,-0.04902548,0.48113012,158,1590.0,-4.8621964,0.9,-19.3,79500.0,0.29245471954345703,4.937631607055664,22.09426259994507,260.7211456298828,397500,-2.8589191,0.021307219,7950.0,0.6,-31.08,397500.0,0.0404911,0.18155234,0.12492178,0.020125248,0.50103855,-0.048485186,0.48089463
-0.019560855,0.4923461,-0.048411936,0.48136678,159,1600.0,-1.4415338,1.0,-10.0,80000.0,0.30144405364990234,4.980520725250244,22.04854130744934,259.72122049331665,400000,-2.8653789,0.021505183,8000.0,0.74,-31.34,400000.0,0.04028035,0.19584376,0.11722155,0.020740742,0.5011074,-0.04783236,0.48114726
